{"player_position": {"x": 393.1009922027588, "y": 406.71196937561035}}